{"x1": [1.3561737160849392, 1.6680803377128437, -0.44853715189591725, 1.2779604080871636, 2.1192999478632752, 0.5005993706553005, -0.8040686405344538, 1.394084265286144, 0.7043075809859347, 0.42776434903166, 1.8826151679728198, -0.8169849022274519, 0.14907879020931175, 0.10959922937200695, 0.027825274453739546, -0.3047241557228761, -0.5776922253379609, -0.9297477860846927, 1.2175888835802093, 0.7240084029933389, 0.8370819129289736, 0.757147750792597, 1.9944731628866008, 0.24471902457601366, 0.34781959661946443, -0.6537813321302702, 1.8559802270677728, -0.1449476361175453, -1.1651417381231088, -0.8206904781638541, 0.6153455138772015, 2.1542909317201744, -0.14506409664694916, 1.866788320195377, 1.8150717950811674, -0.8286700663065293, -1.037516667145401, 0.026277335902346016, 0.04663195841855945, -0.6595837372261161, 1.6992845987189469, -0.015292852938830447, 1.217039916956073, 0.7444936711055172, 1.3682742725117392, -0.8789718542010745, -0.9305548272651676, 1.797772989911073, 0.02134820981135456, 1.8473844331770273, -0.9093871829662543, -0.021816379907586295, -0.037540220217149686, 1.0587837251339822, 0.1998229105818479, -1.0203472047925812, 0.35820933500362795, 1.8506207878687153, 0.9720075713040129, 0.9908447386523086, -0.34783716253903285, 0.47209556234982697, 0.6189217494620602, -0.799081436790199, -1.170204960015524, 1.8786739559599572, 0.8640443163207053, 0.2911981216692129, 1.0266951787670082, 1.7674711856383136, 0.06080458578328512, 0.17815507932420854, 0.2753370148313334, 0.31533821626794706, 1.005734303041847, 1.9123634632882263, 0.6334580478529366, 0.727162534012149, 1.577524628080845, 0.5998772321076612, -0.4122987122987327, -0.21970179593444752, 0.7790425533903668, 0.3762265118257205, 0.17091063406343668, 0.009402925568442758, 0.08080071751522373, 0.9197740758501319, 0.8271793671507347, 1.1703054799544874, 1.0667920238948863, 0.5397373172298193, 0.38622982380148546, 1.2788782442378641, 0.9734636876007323, 1.0446205606260373, 0.6883346757275782, 0.7491619385941467, 0.9241563840407311, -0.8797829509731991], "x2": [-0.33694213016569713, -0.33290256940598334, 0.6325932545499683, -0.2751944216469956, 0.22384212176457863, 0.8118226704471382, 0.8735690045883103, -0.2610010737438373, -0.40554084178787253, -0.3509015171455171, 0.010818745792343952, 0.6553497578982415, 0.19830119441962912, 0.2982797201675322, 0.32218460722002906, 0.8690882495633174, 0.8900051755369716, 0.4398878553401794, -0.5519627040635477, 0.6591124314553077, 0.10740038878552643, -0.4912238354568499, 0.30801023879070716, -0.31241200239579603, 0.8402307965452286, 0.7247895995591203, 0.10743369638198769, 0.9017685393194519, 0.07714813199530222, 0.7364287233153399, -0.2366960678112733, 0.45522683078757203, 0.06716189268613709, 0.20630778238574476, -0.0182499238702587, 0.5172179726909056, -0.0071729768761369245, -0.12930647095321057, 0.9812344684749147, 0.9248598341594425, -0.19938646407492203, 0.3199160449380914, -0.41851875998909127, 0.5779751400713734, -0.35050287627725746, 0.5749267399613087, 0.20252518927947671, -0.016802763032169918, 1.0218443294418262, 0.5417122850313689, 0.55106030082501, 0.23638869478753932, 1.177350299717396, 0.335229180552619, -0.007848541733828544, 0.04221670355356853, 0.9538056072397807, -0.35510442369317324, 0.16060672947442792, -0.5494400441216059, 0.9086912514475358, -0.3286795639248469, -0.46549832564805904, 0.4346962991687886, 0.15594479994929691, -0.1264612629740619, 0.5390936158724378, -0.2828247672431341, -0.010987964310146012, -0.12466828050677897, 0.11864826892477093, 1.120373306030389, -0.27605789992865226, -0.2956141831197633, 0.4558061726357165, 0.38956463614770015, 0.6036947949929131, -0.5149542920425714, -0.26048403724538227, 0.6111599559647052, 0.8897199782266159, 0.932479742535512, 0.5423477529105699, 0.7942267381783821, 1.051475050506684, 0.6507611604148584, 1.0122550508564492, 0.3173385258314259, -0.3612360143154465, -0.3968387164936027, 0.022813284500111934, 0.7983132981852822, -0.4181720460085514, -0.366840763204441, 0.3401100307862138, -0.6119767772403415, 0.5280134369019145, -0.7609251085622153, 0.7021771093220904, 0.789539998328938], "y": [1, 1, 0, 1, 1, 0, 0, 1, 1, 1, 1, 0, 1, 1, 1, 0, 0, 0, 1, 0, 0, 1, 1, 1, 0, 0, 1, 0, 0, 0, 1, 1, 1, 1, 1, 0, 0, 1, 0, 0, 1, 1, 1, 0, 1, 0, 0, 1, 0, 1, 0, 1, 0, 0, 1, 0, 0, 1, 0, 1, 0, 1, 1, 0, 0, 1, 0, 1, 0, 1, 1, 0, 1, 1, 0, 1, 0, 1, 1, 0, 0, 0, 0, 0, 0, 1, 0, 0, 1, 1, 0, 0, 1, 1, 0, 1, 0, 1, 0, 0]}