{"x1": [0.2045645509097321, 0.6106948307994285, 1.308320731336601, 1.0878811829707866, 0.9757628774974012, 0.7965575374287077, 1.8433388903775587, 0.12829216806383592, 1.9306505112710275, 0.26652547411508026, 0.5440645956056949, 1.306639080325393, -1.0096260530636227, 0.9334042976802118, -0.48186997480161264, 1.6433197965984385, 1.776122862397418, -0.0178641976843584, -0.7572525761908537, -0.032145292005859666, 1.4105174771031799, -0.5039023291094005, 1.990592914498692, -0.8718926621606518, -1.0713617308106116, 0.9172848673482008, 0.6346336282116163, -0.33312271471200755, 0.15113111832791853, 0.24415007359780014, 0.0502902489153729, 1.7739543815188918, 0.6930066144854172, -0.7824497287288859, -0.6978541783117385, -0.01590843955979566, 0.7119100429853578, 0.4792391247959088, 1.8777305079890845, 0.8959349919002718, -0.5970284643971744, 0.973485459964959, -0.5710335046984093, 0.9078835825610537, 0.2324665490694537, 0.25818784430437847, 0.45570492618643227, -0.19184364546733765, 1.666301565318532, 0.9133377821875416], "x2": [0.33361554024744483, -0.5039833298329776, -0.4675917099653295, -0.3533041310638866, 0.22187329676921597, 0.4841821126583557, 0.3407638184356191, -0.07881051069122398, 0.013425975034904322, -0.15328172432736986, -0.0976856550559434, -0.45399130531434767, 0.30648865196012126, -0.48669225605391686, 0.5555152697071535, -0.3359047445903782, 0.675539695931188, 0.4541032545293611, 0.3114668763327555, 0.7992248600305809, -0.33301912163062924, 0.9283432752711508, -0.06911914720960897, -0.07270643100637506, 0.1301716300352114, 0.48321391357899285, -0.4275746015668872, 1.0675194395228533, -0.06513549289248849, 0.9682751087257009, 0.3012321867061522, 0.0486517180070761, -0.4765919591141241, 0.7161014448649095, 0.48093254863609763, 0.36268689989020764, 0.5500734834881762, 0.8008079397670146, 0.21789039326339515, 0.13288120946099455, 0.789600310964643, -0.017292172022354915, 1.0846752443934895, 0.560402998045406, 0.8928580704364164, 1.1162657096569684, 1.020577816322083, 0.9005081644407977, -0.19687656146494484, -0.4638764384614954], "y": [1, 1, 1, 1, 0, 0, 1, 1, 1, 1, 1, 1, 0, 1, 0, 1, 1, 1, 0, 0, 1, 0, 1, 0, 0, 0, 1, 0, 1, 0, 1, 1, 1, 0, 0, 1, 0, 0, 1, 0, 0, 0, 0, 0, 0, 0, 0, 0, 1, 1]}