{"w":[0.22007828108056096,0.29191785745725185,0.24980004123477345,0.2382038202274137],"mu":[-1.4702712015464539,-0.4617604032209392,0.4402365523271769,1.4989554755362624],"sig":[0.14886128300795012,0.1210968202158536,0.19519163398357342,0.19999046588986136],"y":[-0.45315153297669086,-0.5356502331194655,-0.23872311006028632,-1.5120294632387357,-0.46024876013575255,-1.4506497540290169,1.7014601687427904,1.4636228730645893,-0.4551887443483105,1.6654635854873436,0.6525558061058805,-0.5343432915496582,-0.6040292347842807,1.5325950116755211,-0.6998942423855599,-1.4507396699910073,-0.395684846502694,-1.3407788127129139,-0.5503250042025019,1.4931492680567668,-1.3450530580693343,0.41018890533330754,1.5384433697892117,-0.4511987538085401,0.4832326590542757,0.42722206945184765,-1.3727981852640474,1.7856328695128458,-1.5823527748736277,0.4175148757645662,-0.19083173287668642,-1.5063475664032409,-1.4598683373843564,1.6457251723647714,-1.4012831195380675,0.3711891201242623,-0.38024463922556373,-0.5062451837157869,-1.088022446205732,0.9053651907382585,-0.3663330724219652,1.505219035879416,0.5194476241254489,-0.5777613362945178,-1.3666451486291662,0.5627078831578485,1.3786997324552317,0.38277424229470974,-0.5911856999163754,1.1808270665174658,-0.6766776363705062,-0.6105780620638305,0.5104011008963832,1.5772468863877225,-1.6324726512068202,0.7700427700865942,-1.3749796391815654,-0.5358679022581435,0.5491300961356167,0.5132546229324461,0.6459320135430071,1.6151196548540063,0.14461932291054524,-0.6489397743173729,0.31202799921225877,-0.24940301693911798,-0.6182740937093955,-0.526148142690282,1.3675842802453206,-0.6431679898949796,0.5266417395271369,-1.383150454539376,-0.3432994425176147,1.3614072468301828,0.43106593261160386,0.634768087708034,1.6372757497070112,0.627614431999956,0.7156794352778965,1.418147269444607,0.5232969803644281,0.8886658535452896,0.13562342394663685,0.16809013998674893,1.5252376996525432,-0.3031317879415075,-0.469125531514231,1.6481772128328054,-0.6158382405564007,-0.22576819208516724,-0.5298496177190873,-0.5360209575229057,-0.4597484468970071,-1.1600099043980792,-1.2956453469464004,-0.4152501961806785,-1.4743347317126692,0.13211821296069498,1.3228386015133964,-0.2422314567412331,-1.2898434827008787,-0.6085708715965445,0.4954474543361657,1.5406203664329219,-1.3659901025272394,0.7144217400084117,1.9091951529484257,1.566979253622851,1.245511994302194,0.1983850747861132,-0.2913227389871916,1.3276463698285677,-1.4993868370584174,-0.40680650914724703,-0.7080763150282705,-0.5827483262460761,-1.5476991202552652,-0.40529945597109973,-0.37756395082155114,0.2855498812853124,1.579590509004553,-1.4490940422676832,0.5162304551537946,0.5410686161588986,0.3271011226199825,0.5520681561505578,1.2507866294298524,-0.44279041939207064,1.2305312931911827,-1.4348032390298826,1.3996458136214691,1.7376487573055646,-0.42540361096516105,1.580777013891899,0.2665804497702554,0.3765939668920369,-0.672913753720579,1.3933379615093087,1.7841655555999487,-0.5935699963764607,-0.46293766905519185,0.2732638475192726,1.7049660211606783,0.7673677387871958,-0.4801859561901274,-1.4305758174562224,-1.5698025410612777,1.4251930561489627,1.4386799396893881,1.5123104236044957,0.3409227962409577,1.4284896968194705,-1.4272967157931196,-0.4908934689947317,0.24549436204376868,-0.505629480522546,-1.3215129935653929,0.18927066416730143,-0.6933611709495306,0.6013001394802227,0.4136531597452688,-1.2024318221520882,-0.5954977083017994,1.5206506355578635,-0.359080445610054,1.6179439391089732,-1.4065721156514404,-1.3053379466966903,-1.7078982983729736,-1.4315825890953218,1.592212768560445,-0.5092252230408434,-1.662142671519418,-1.4823458102567726,0.31018719331062533,-1.5641750933334688,-0.3835949419849701,-0.3242175785377883,-1.345525970660917,0.42463593559120716,0.3270089430146423,0.35459226577444203,0.34180417408663993,1.4992053792956543,1.220977546824996,-1.5420485143277043,-0.4152594749906757,-0.4238986049600133,1.431245509451491,1.5346029295582486,0.4417085955405041,-0.4656623958145921,1.5063638886066542,-1.6972969050390352,0.1589875903210367,1.4813782034024299,-0.4907178592521637,-0.6243529625435623,-0.5184319817829336,0.19817814947490234,-0.6117359328036079,0.47472659679479945,0.2411681034683617,0.6023518237226833,1.2137637382371607,1.2864802557327573,-1.4971545736482947,-1.5862657594124983,-1.440338160686509,0.362926431745105,-0.32717583853583065,1.4452151798339041,-0.18495372346421662,1.4987166028825585,1.6735421011797667,0.698306734198815,1.6258875894438896,-0.5781570772672507,1.4069023322395848,1.6884744572426458,1.5630742663428525,-0.40141819113906785,-0.6212539260588765,-0.44442562896474597,-1.528160255062784,-1.4727330725070924,0.33382129883025513,0.46624382415590476,0.4359980047790243,-0.2640472203085463,-0.47068844351640193,0.4420470181204974,-0.34104015003204263,-0.28835476105763463,1.443230405550317,0.47598487407272105,0.4270029240957954,0.12542972464385016,-0.3500323497188612,1.757081562312175,1.5103223687595193,-0.08341535621371649,0.2426213982469202,0.384186692068773,-0.274361849102989,-0.475754362768411,1.2902949620391613,0.49894446148342647,-1.0656075158736298,-0.45963764769127147,1.7121919829822563,-0.5597179170958826,-0.6041143579826889,-0.6035693033324234,-1.3685222184900625,1.3456457287882464,0.06567214712252645,-1.4528506820066869,-1.6534457584612874,-1.3198777181494503,-1.3618674362796412,-0.2314707919654778,-0.5064314153850031,-0.006672377512896455,1.2356476331525355,-0.1531668465735322,-0.6002340808862241,0.17365669994826655,-1.52389790927306,-1.6543797750315437,-0.2629485477881176,-0.3695767131370891,1.128286519330394,1.8171368354221216,-0.44938514738346563,1.6698562260047316,0.2219761154853977,1.3716175136579394,-1.511637625733738,-1.3231921900157504,1.4672894565754633,0.5160839287366209,-0.38691289780307936,-0.49342637760457975,-0.22173116168110024,-1.2926430629023313,1.7269667045225303,-0.35959231565762256,-1.5738245626358272,-1.4443630644204941,1.4686441997651816,1.6855814693477893,-0.22544701335242495,-0.44239527912529014,-1.373404543905219,-1.487226942677071,-0.45907163077278307,-1.2283019945177978,-1.3252553765979087,-0.42993195016709396,0.2941823598469149,-1.4179698512775256,0.44072227968719213,0.304584927302018,1.3297037398837133,1.4771867302230297,1.776623175479119,-1.0639623947984198,-0.2643389379547645,0.36842062672980974,-0.6446045547767675,-0.4684557053010865,1.5360934869217482,1.432167950980223,1.2662589364022017,1.3845480463452626,1.3023694303742908,-0.3428091468499287,-1.6156852890585256,1.5005862588811139,0.5235125124007382,-0.4159287967036802,1.1599976394002536,0.1370761112121885,-0.3518214147082258,-1.6490351934855112,1.8684571984013192,1.666544538397392,-0.4109563009816872,-0.357432392356177,0.39951531919289357,1.3664737484731633,-0.49292394297859915,1.9177483821473469,1.3517958397337864,-1.1560881396573328,0.2174467921101835,1.4562662143607688,-0.5756942782611376,-0.38497050266341215,0.33960271898428745,1.6226095982997601,-0.5382408183740036,0.3799010297708693,-1.2355433725237954,-0.5442912141804186,0.32058209056120185,0.5585226203158847,-0.287870585246557,1.5741899299258035,1.2885648181546734,-1.1716308762286687,0.5282563060184947,-1.4851305497454634,0.18048146422257183,-1.3565624896919366,1.1414935882954726,0.5146801158062204,0.15924382601388049,1.4171921393852682,-1.6960855894252442,0.33856256845062915,-0.3999265176259622,-0.6906165565162209,0.31897260079881684,-1.4249825740798419,-1.5359343706692075,-0.3569135874264625,-1.619489547990758,-0.4242007410655638,-0.6008162997497708,1.6554686144982402,-1.6290685277162744,1.549018480528975,-1.6685256721934643,-1.4001999609015459,-0.44225007881550665,-1.4118627601317526,-0.4369555459787206,0.04759554430379942,-0.4421118961457279,0.2832591002424406,-0.5048033724350962,-1.5133761304023818,-1.2611836280717965,-0.577532987482094,1.4113763707555338,-0.5670420828999737,0.4319279299052206,1.6689192296262017,1.7988394835178352,-1.5474442409102946,0.7418217354051513,-1.3672344288944571,0.4981683317667689,