{"w":[0.22007828108056096,0.29191785745725185,0.24980004123477345,0.2382038202274137],"mu":[-1.4702712015464539,-0.4617604032209392,0.4402365523271769,1.4989554755362624],"sig":[0.14886128300795012,0.1210968202158536,0.19519163398357342,0.19999046588986136],"y":[-0.643664399178052,-0.5068975040926744,-0.616357534496468,-1.3742399835153205,-0.23096385126633415,-1.7066820939651015,1.5584294325995844,1.559529072446314,-0.47408431796013634,1.3726459196628111,0.5620089719371665,-0.7066704160900974,-0.5495941813943476,1.3046294986270102,-0.6818982522575499,-1.3404776827539602,-0.6652626135460602,-1.55039562362919,-0.5939443261531498,1.0243467410808829,-1.2738732092291114,0.49740015144536975,1.6324891655578908,-0.4361943272647699,0.5037624910292244,0.5015787577924494,-1.6553970194795107,1.6734358139415861,-1.4103792587180153,0.2609718623356211,-0.3933415202425412,-1.600456495098449,-1.542769544344612,1.3932089594825643,-1.3743609137837802,0.6178462057321162,-0.6267947917223107,-0.3559235251371642,-1.5975317235491118,0.5876252826970929,-0.56391992217123,1.5544854298872595,0.26397153957497127,-0.6450223885445833,-1.5684267532256029,0.2957269017972286,1.7259752343041972,0.265394819059358,-0.4591725679549345,1.1880824153616318,-0.43829959807263297,-0.3502732116030913,0.4721786782376426,1.551084868240806,-1.8603717583192074,0.23407215993942682,-1.4837210118713031,-0.4280164444535552,0.4273600578098184,0.40960162386835897,0.08126568837923709,1.3854704980306132,0.2608127646394514,-0.9318580000822856,0.609379043462603,-0.40940943540050323,-0.5008741833168416,-0.42056130672139264,1.439034756195539,-0.23002909547636707,0.12420206203701756,-1.3933141943493772,-0.6170768975666833,1.7157619421574672,0.2851724655998398,0.4352263607992562,1.4966630834738204,0.7267557833486991,0.6970785607312047,1.5534267601676925,0.5265845225399645,0.20666081336493325,0.5348225023284024,0.716385689585883,1.7079790908684291,-0.4857213528570197,-0.4219291063648005,1.139311270627021,-0.2873204161957643,-0.5251292606016218,-0.4090950921049225,-0.4523458327756915,-0.44441365032391095,-1.5349108940422727,-1.4339673515248332,-0.4767634227873673,-1.4064259216695194,0.6723678691021275,1.5401428185402912,-0.3380133293326374,-1.6487655355075566,-0.17348784289364544,0.867629848908581,1.9249335992846965,-1.527978795706969,0.3949305723510209,1.540207409998043,1.7204669892729065,1.6722974916875817,0.7676949490674224,-0.6349099810172412,1.222363879329794,-1.3907405417524004,-0.4287652030668655,-0.31717001562924896,-0.38248089184525746,-1.5224961492670992,-0.8613638448929543,-0.6109302125542144,0.5464180381689707,1.5146831200487247,-1.7454751662432886,0.7216268590383728,0.41920066411123685,0.2783729793623524,0.021084208140038863,1.1623204531447384,-0.6304645979042398,1.4373773164423718,-1.3474625059473129,1.8033042831988737,1.355676648206732,-0.40369339053723435,1.2056258288150332,0.6588378448685746,0.5994375738163036,-0.4609126711376439,1.3807853859374979,1.6224799843144275,-0.5925802751562177,-0.5281141997893246,0.3275117037646993,1.749577236240645,0.5697592837487373,-0.5808918295246951,-1.413902415062041,-1.5463189504566113,1.5514340480542919,1.176905297154403,1.1439783291869183,0.31014934482543105,1.8823041585484364,-1.4450451589537108,-0.5541536194384742,0.36519565666736,-0.485683601164208,-1.306806084198748,0.4697834453302199,-0.4644475538709277,0.6051523524932927,0.4616626606666276,-1.553564332390857,-0.5343567719830659,1.8256616810850703,-0.4302675153542049,1.68697334530976,-1.4804683817574045,-1.4704625241745444,-1.5276368837253105,-1.4636997799989209,1.607893529883133,-0.5061915590372433,-1.5965333071914893,-1.362945273100847,0.6089710072544448,-1.4176307959818484,-0.5259858772594614,-0.5258614204312969,-1.267614131039858,0.28524971429545226,0.2916915156265958,0.25401044538495576,-0.05237016988212129,1.4761371649214976,1.1070014656301748,-1.5288885895937003,-0.2690896378137792,-0.42926401715689866,1.0062508544102364,1.8051516044437979,0.33812497968054367,-0.39111188432882965,1.5131729584384863,-1.561102115688771,0.7997423891749198,1.4428545603631469,-0.46024876013575255,-0.445798597341119,-0.3391411857648299,0.40575176637175014],"rand_idx":[2,2,2,1,2,1,4,4,2,4,3,2,2,4,2,1,2,1,2,4,1,3,4,2,3,3,1,4,1,3,2,1,1,4,1,3,2,2,1,3,2,4,3,2,1,3,4,3,2,4,2,2,3,4,1,3,1,2,3,3,3,4,3,2,3,2,2,2,4,2,3,1,2,4,3,3,4,3,3,4,3,3,3,3,4,2,2,4,2,2,2,2,2,1,1,2,1,3,4,2,1,2,3,4,1,3,4,4,4,3,2,4,1,2,2,2,1,2,2,3,4,1,3,3,3,3,4,2,4,1,4,4,2,4,3,3,2,4,4,2,2,3,4,3,2,1,1,4,4,4,3,4,1,2,3,2,1,3,2,3,3,1,2,4,2,4,1,1,1,1,4,2,1,1,3,1,2,2,1,3,3,3,3,4,4,1,2,2,4,4,3,2,4,1,3,4,2,2,2,3]}