{"w":[0.20491926691248297,0.19540650183831731,0.19441306583310972,0.22235609598021713,0.18290506943587287],"mu":[-1.9702712015464539,-0.9617604032209393,-0.059763447672823114,0.9989554755362624,1.9160973145611235],"sig":[0.1210968202158536,0.19519163398357342,0.19999046588986136,0.12516621830319719,0.19866663668987997],"y":[-1.1276841584868036,-0.7413091299942116,-1.2249828520750952,-1.8200759173618368,-0.07089233576877244,-0.8135337865297896,1.9100842939879374,1.844362235391011,-1.3535691952237299,1.803083984980827,-0.2896779918767866,0.3163430571944718,-0.353874334853949,0.9319651424062324,-1.1498361231542815,-1.2321219101944307,-0.9355461204069728,-2.044880970682115,-1.2974879361153444,1.9798234685696567,-2.1455434571465104,0.9373397525459728,1.8340306333261636,-0.7661923397399307,1.1459858948199524,0.8328636156443574,-2.163204455987211,1.8289402791948246,-1.8218310223103629,0.23804041079038235,0.3721026014735047,-2.0804062186838324,-1.8312738129630746,1.8157563199924536,-2.0026121702958446,0.24003873869667203,0.09968978277657785,-0.9952631818077164,-2.0270752507370813,-0.016240718282490095,-0.8916580290817061,1.9796755484884783,1.0314006030414336,0.032171366543350816,-1.944842521056649,1.1896055790624136,2.166376471380819,-0.09281849206838516,-0.9312725445445827,1.7543200338221752],"rand_idx":[2,2,2,1,3,2,5,5,2,5,3,3,3,4,2,2,2,1,2,5,1,4,5,2,4,4,1,5,1,3,3,1,1,5,1,3,3,2,1,3,2,5,4,3,1,4,5,3,2,5]}