{"w":[0.20491926691248297,0.19540650183831731,0.19441306583310972,0.22235609598021713,0.18290506943587287],"mu":[-1.9702712015464539,-0.9617604032209393,-0.059763447672823114,0.9989554755362624,1.9160973145611235],"sig":[0.1210968202158536,0.19519163398357342,0.19999046588986136,0.12516621830319719,0.19866663668987997],"y":[-1.2549649492669948,-1.0345152819760624,-1.210949990602796,-1.8921509884860537,0.3213952802681796,-1.2717498608574571,1.9751775860522431,1.976269946875285,-0.981624880675676,1.7906238599365891,0.0650027753118515,-0.46423044761129567,-0.20482025582398372,0.8773344395554736,-1.3165927297716564,-0.791571026227383,-1.2897783386367938,-2.0354514320254165,-1.1748229415890534,1.4446302343763242,-1.810503853812808,1.0356115113519486,2.0487470834555856,-0.9205513596511931,1.0396913480182006,1.0382910337452378,-2.1208687742568473,2.089422687074569,-1.9215498437392242,-0.24343540193306523,0.05322981059872953,-2.0761753343703804,-2.0292477104571494,1.8110507835048368,-1.8922493637699582,0.1222127805398054,-0.3323164691758329,-0.7911657242519224,-2.0737960687391443,0.09124886905421083,-1.1264276785080942,1.9712596905142385,0.8859259126646534,-0.36241920493752405,-2.050119533864287,0.9062889708505522,2.141614324764058,-0.2389037057853436,-0.9575891640987939,1.6072820666562708,-0.021018108667243164,0.12435679060149847,1.0194382955382406,1.9678816387548634,-2.2876131996474083,-0.2709964397947916,-1.9812124565856073,-0.9073697227956433,0.9906984509351197,0.9793108931075815,0.7687661759007239,1.8033635465009483,-0.2435984110832507,-1.7194939085232077,0.11353745110848608,0.026693772471620206,-1.0248065066164258,0.008276542877704934,1.856573238118321,-0.5882409951705229,0.7962990337836067,-1.9076676240642094,-1.2121095062106584,2.131468639112026,-0.21863982118581815,-0.06489681592953138,0.997520756915815,0.23379992555669388,0.20339308149036817,1.9702080286181778,1.0543259269696537,0.8491755319156298,0.037147919998663015,1.1760355198647585,2.1237373061078704,-1.000382201075978,-0.89755776021862,1.5588337606391403,0.22832284734963604,-0.16441662756541764,-0.8768710715880782,-0.9465853937930635,-0.9337997925604378,-2.022854795230489,-1.9407384667051404,-0.9859432339396871,-1.9183338527431717,1.147809186515019,1.0247330241950572,-0.762296920118008,-2.115474143725058,0.4163164654112288,1.273020513926858,1.2655585387985189,-2.017215618616755,0.969903112663922,1.9570761834287356,2.136142541348978,2.0882918999009603,1.208937472895093,-0.34571864179262535,1.6413366057917056,-1.9055739893760175,-0.005272128749830116,-0.7287003281336384,-0.8339725939353184,-2.012755553267187,-0.7197054538190413,-0.3061162388698781,0.049028534795878126,1.931720850535412,-2.1941462371647003,1.1793964085794335,0.9854662571568539,0.8951608051624507,0.7301749302633062,1.5816906347578095,-1.2336886616295386,1.854926769723877,-1.8703678403002766,2.218431496992624,1.7737669159205005,-0.8681642620004335,0.8153719110250985,0.16421220869756803,0.10335156810921446,-0.0583634246665558,0.924997433757546,2.0388041576025433,-0.2758114585896548,-1.068713715042922,0.9266709072101768,2.165060094156107,1.0820116503603419,-1.1537840890417128,-1.9244158880306874,-2.0321351086115427,1.9682285071859986,1.5961789349532913,1.5634699257843336,-0.1930488795513976,1.2388784375167083,-1.9497501266041686,-1.1106857243842216,0.9508356615046092,-1.0003213504723665,-1.837294341969331,1.0179023575533028,-0.9660917252589278,0.1092068459545993,1.012694921736243,-2.03802913757433,-1.0787758939224732,2.240640900943082,-0.007753185921451321,2.102870607274325,-1.9785664820503053,-1.9704268401479017,-2.016937477430975,-1.9649254310571476,1.0671355471773536,-0.1331411592914175,-2.0729838693296236,-1.8829628806798178,1.1071560842901949,-1.9274488799868164,-1.065283148067608,-0.16562578388497703,-1.805412170798357,-0.21856067331298346,0.9037012880894476,-0.250567966945223,0.6830724672775155,1.893430048876184,0.7536467756918566,-1.038621380915053,-0.6512012865269252,-0.9093806406219318,1.426654132731767,2.220266589965591,0.9334766477180226,0.056912037137404226,1.9302206853818917,-2.0441610314449803,1.2294878254009345,0.9638441047800461,-0.9593238397895328,-0.9360321391306256,-0.7641148715679811,-0.09509605014449635],"rand_idx":[2,2,2,1,3,2,5,5,2,5,3,3,3,4,2,2,2,1,2,5,1,4,5,2,4,4,1,5,1,3,3,1,1,5,1,3,3,2,1,3,2,5,4,3,1,4,5,3,2,5,3,3,4,5,1,3,1,2,4,4,4,5,3,2,3,3,2,3,5,2,4,1,2,5,3,3,4,3,3,5,4,4,3,4,5,2,2,5,3,3,2,2,2,1,1,2,1,4,4,2,1,3,4,4,1,4,5,5,5,4,3,5,1,3,2,2,1,3,3,3,5,1,4,4,4,4,5,2,5,1,5,5,2,4,3,3,3,4,5,3,2,4,5,4,2,1,1,5,5,5,3,4,1,2,4,2,1,4,2,3,4,1,2,5,3,5,1,1,1,1,4,3,1,1,4,1,2,3,1,3,4,3,4,5,4,2,2,2,5,5,4,3,5,1,4,4,2,2,2,3]}