{"w":[0.22007828108056096,0.29191785745725185,0.24980004123477345,0.2382038202274137],"mu":[-1.4702712015464539,-0.4617604032209392,0.4402365523271769,1.4989554755362624],"sig":[0.14886128300795012,0.1210968202158536,0.19519163398357342,0.19999046588986136],"y":[-0.5646994419025899,-0.32499251181356625,-0.6250635167567936,-1.2856399068054982,-0.4684990892626014,-1.357227399994851,1.4929023867747406,1.4267423845869671,-0.7048384382567321,1.3851890736325083,0.21583887736763652,-0.23402303784567893,-0.6398483589143489,1.391918384263453,-0.5784425128939996,-1.676460165605353,-0.44549707149803563,-1.5619871189311074,-0.6700456450763728,1.5631062732841001,-1.6857289881160304,0.3441493347648433,1.4163419371602417,-0.34043004627892304,0.6695245197542494,0.18122304242676973,-1.7074392109108356,1.411217663093731,-1.2877974132865562,0.7308945168526386,-0.2002599107944394,-1.605657415040327,-1.2994051989347057,1.3979458516457375,-1.510027143058154,0.7328448942745227,-0.3652094046788278,-0.48254551512586813,-1.5400989941135168,0.48271494062095943,-0.41826891526834775,1.5629573675269872,0.4908334109555883,-0.40609268116640346,-1.439012362576411,0.7375476457746357,1.7509023852381986,0.4079746737508122,-0.4428457465548251,1.336100180432627],"rand_idx":[2,2,2,1,2,1,4,4,2,4,3,2,2,4,2,1,2,1,2,4,1,3,4,2,3,3,1,4,1,3,2,1,1,4,1,3,2,2,1,3,2,4,3,2,1,3,4,3,2,4]}