{"w":[0.20491926691248297,0.19540650183831731,0.19441306583310972,0.22235609598021713,0.18290506943587287],"mu":[-1.9702712015464539,-0.9617604032209393,-0.059763447672823114,0.9989554755362624,1.9160973145611235],"sig":[0.1210968202158536,0.19519163398357342,0.19999046588986136,0.12516621830319719,0.19866663668987997],"y":[-1.0629521392353483,-0.6601752201429649,-0.8266553200996072,-1.9343303462115826,0.06812526849691879,-1.01302677444526,2.025708909591601,1.9565091756472692,-0.881629434603171,1.9389573036959442,0.16572441544123978,-0.025624495842279965,0.13515270765249865,1.0217479056730165,-0.9087053129174755,-0.8348798893203195,-0.8589938655468627,-1.953108441295645,-1.080537711205426,1.6912911473299435,-1.9232640786680073,1.0766360588954504,1.8657323334664853,-0.6346712703213384,1.075284831384409,1.0397842330789084,-2.1255374347914335,2.235905212670299,-2.14595699131371,-0.14652529736630865,-0.03393935988795385,-2.0051719474872285,-2.117194403353301,1.971284788806195,-2.047981544201875,-0.34751600046670866,-0.13813755055225907,-0.9490373616763154,-1.8475237513474496,0.01340476484600478,-1.1014402068182902,2.1450555645808804,1.0155740368659658,-0.2959933195230981,-1.8118272416349042,0.9523162843543067,2.0912648695641605,0.06439720888693327,-0.7965715676035777,1.8615603727754628,-0.1744566266820074,-0.16842367211019196,0.9731777223970481,1.4429957738924206,-2.085620667753137,0.15299249982939578,-1.9415158067252156,-0.5564365532252689,1.1036280563765504,1.0498719122943214,0.9742534502792636,2.062638275015715,0.03606180767538569,-0.9375775584775947,-0.11395495348022515,-0.5852180245511163,-1.0591051017101425,-0.04339836488188585,1.9285576498648558,-1.0302271832864334,1.017594082466047,-1.9971157575669487,-0.9361802461617718,1.7381940060362449,-0.5795742464067302,-0.20500477906426745,1.2695579287841634,-0.025500055683380346,-0.18314321601408137,1.814431448357808,1.1942234999995032,1.0249775128907765,0.15177952780958492,0.9714219025965649,2.180488814721662,-0.9341821185166624,-0.9784321957945439,1.9338346195358065,0.03620961214800246,-0.2076397453153626,-1.085854649698718,-0.9469877908319482,-0.6781748697849643,-2.116546346710687,-1.9947043952700652,-0.9766359543523527,-2.007109055131993,1.0371373484852355,0.9389561842534039,-0.853041826043792,-2.1725556333312506,0.1641650510093492,0.9691250683358994,0.9420834206063413,-1.7173508330357512,1.1668356979336996,1.944963614495525,2.0936824941977545,1.6552272732763846,1.1240549768321382,-0.013652330442822505,2.0805009777803907,-1.8242117159561761,-0.019846127467971528,-0.8148836568996513,-0.9284674458520962,-1.876449844304019,-0.3404128112625181,-0.09870486987107477,-0.15862702201097678,2.029061159567724,-2.067122115556567,0.9408102624548788,0.7539584254479397,0.8931155468847182,1.0769997312972066,1.7929611515454684,-0.9795841997454601,1.885005832257589,-2.1138742615792743,2.2185214521920407,1.8289184264274843,-0.9584605762409579,1.0757762385055056,-0.02817672518549627,-0.10427208314852777,-0.05387162442009421,1.0638622588683222,1.8614157029760268,0.1423864864544998,-1.0574012968204662,1.0525872517088204,1.739343529849249,0.9554987835706675,-0.9755358037566225,-1.8056892956513662,-2.003721424709453,2.2333700928939306,1.910953430585084,2.009163021350567,-0.056942010473060814,0.891701482221019,-1.8777686742137023,-0.6561643104351925,1.1088219396520265,-1.2180080075695767,-1.8985615396925477,0.8046928626989428,-1.0517620493973743,-0.07837773166962268,0.9616100429052625,-2.193146286306825,-0.956989131681633,2.07948311439839,-0.04046996882397043,1.7139946151911363,-1.9032131210740515,-2.2033374367755876,-2.0828003139213997,-1.8389182269888766,0.8952981674388832,-0.043483704185266765,-1.8188894336390378,-2.0230528380624864,0.8593502893533383,-1.831099128977861,-0.9836572581562847,0.051148820184490545,-2.1481565726092477,-0.04833542404943892,0.6901375546055741,-0.12985862302210952,1.0242105620048776,1.77211949101808,0.8698903313210404,-1.0227877668134868,-0.8863253327607763,-0.9402698582700767,1.856289508175151,1.7466019890748437,0.9332155225397499,0.13137979082312407,1.8385516338244434,-2.055400072492126,1.0839807361711682,0.8535719030945975,-0.6983187238211835,-1.4594343854071825,-1.1756490601409795,-0.11437500793775657,-0.34717504116917447,1.0093965452246503,0.9999716952169466,0.000684085734191188,1.8469709058385708,0.9257142496923036,-2.072242515385464,-1.0146574234647614,-2.0334660377217197,1.1659849696782056,-0.7213310848687395,1.8075539227519284,0.11242038543142806,1.6255273359271594,2.002069519969902,-0.16175447254755193,2.013876889718574,-1.316417488620148,1.8884988662758893,1.9646057862990869,1.8593039821475277,-1.0761269837347085,-0.16357864275921974,-0.9363332680496789,-1.9686751539217833,-1.9572933098527634,1.0433695238064595,0.8369209520558297,-0.03514384141281535,0.06986317568919105,-1.3636115665680937,1.193239827577306,-0.8404280235987865,-0.7852043996152998,2.3269234582572,0.24978346453489886,0.9449457594814225,1.0063550314759542,-0.3744917617755895,1.8545597940859595,2.123831504722557,-0.7184224177608368,-0.16765070671833876,-0.13254063333372607,-0.660995202345225,0.03651521161261058,1.0259611451994786,0.8906258291783707,-1.8498379293949987,-0.7667877417301963,1.9665079802168093,-0.9758926990958098,-1.057582202384133,-1.1459283212243752,-1.786892791854382,1.0559812015912566,0.9838839163817739,-1.9043040001883507,-2.152690581839007,-2.0620379206417456,-1.7546509162513102,0.14415569523165817,0.1380149054575716,-0.028828118724172836,1.9917908541821534,-0.19416188995685302,-0.1852812451408018,1.0858356456519378,-1.9561868108482388,-2.220136681277026,-0.5000740125265258,-0.9538002401298179,2.0849466170476028,1.1102019607333506,-0.8221856258571503,1.7781428969285198,0.9816952222177036,1.2285870205577163,-2.013467136233481,-1.8270521157838302,0.7832225496499482,1.1689734746660243,-0.9083018025130107,-0.8120601639782498,-0.23120999138214443,-1.9095248301044643,1.8832549651696253,-1.323449791299215,-0.6055613531792194,-1.851351946980886,1.584744937078581,1.8681840907884408,-0.9093128787213683,-0.12242483785300236,-1.9047690708146736,-1.8981256724405535,-1.2050977764762676,-1.9869945068458654,-2.018872496173604,-0.7501435950115062,0.8329186467166723,-1.8984856080671482,1.07550716915366,-0.2261739065253548,1.9424808820993098,1.7858353839382246,1.8551271188223324,-2.050798737475511,-0.877672184218268,0.967449433743756,-0.9929921377351202,-0.21630155621456543,2.2102759300047046,1.0816510575453242,2.2301936046423094,1.8441452017905897,1.941075988859507,-0.7081058154623836,-1.8647771761241132,1.9553236857399297,1.1029867954906092,-0.7911738869569804,2.164002917776052,0.8481102696938428,-1.1477349318116838,-1.9577193137150672,1.8614807506967328,1.8485431858103525,0.08079163116505415,0.19928967844501638,0.9893736642314886,2.029052000206732,-0.9800355769284244,2.0929289393299246,1.6359100003199227,-1.7169393503294832,0.7181770897684603,1.1339044285223712,0.2564455691225786,-0.9197134978483508,0.7101335969620597,1.9636682818265065,-0.9073699676050566,1.1568851166594476,-2.1259079637022578,-1.3371565929850928,1.0624734632715924,0.8637545292378365,-1.1250352713037666,1.6465295016689279,2.0345839343420784,-1.9308221436007293,0.2503146609078095,-1.0476991749562068,0.8898541393392274,-2.114723771548425,1.993148356980042,0.009215509920123072,1.1595406789780722,1.784723206384957,-1.9627375538057388,-0.09793580636434829,-0.9479598932676951,-0.1284694045891978,1.0824430764802573,-2.041274552796661,-2.0882376247559415,-1.2124984472339921,-2.252163524945771,-1.223720827162572,-0.678777627138011,1.8325679460731248,-1.902995241434624,1.0675736242494591,-1.9567672428645788,-1.8676377191634377,-0.052969269516084314,-1.9051547707605758,-0.8312026193623488,1.0802424135757516,0.4462398085181966,0.9910990615584877,-1.0114050455287718,-1.9029974274337453,-0.7923950519239582,0.2587890988104221,2.134887153153529,-0.3419823459494546,-0.471023573172745,0.915802518550482,1.2236625312100664,-2.0825071743288652,1.0548564393217477,