{"w":[0.20491926691248297,0.19540650183831731,0.19441306583310972,0.22235609598021713,0.18290506943587287],"mu":[-1.9702712015464539,-0.9617604032209393,-0.059763447672823114,0.9989554755362624,1.9160973145611235],"sig":[0.1210968202158536,0.19519163398357342,0.19999046588986136,0.12516621830319719,0.19866663668987997],"y":[-0.9312725445445827,-1.1207079361081416,-1.2955123722475368,-1.7886334942277236,-0.08554534628293008,-1.0496325482229196,1.608813321536305,1.525370529268703,-0.6835958833690741,1.8369049187058122,0.11330010880051082,-0.36472627343171043,-0.06345023855855245,0.9201251900477291,-0.8837931728610682,-1.029419383182665,-0.9360453476177164,-1.8143778542340347,-0.8385376307083123,1.6709970909333505,-2.074243054754069,1.031281663840539,1.626046151708498,-0.862304910678361,0.8430107945804688,0.8322774433504184,-2.135051640597446,2.0239581510977884,-2.2892394640271707,-0.029784588719626675,-0.3915028264020753,-2.303117992709548,-2.020897691831446,1.6317405517992727,-1.8305182334344618,-0.15686451609270205,0.0953167684095526,-0.814183887089669,-2.1672629452105427,-0.2486913239677485,-0.8332613253683436,1.8269056828072732,1.1472921424224738,0.33454184042912705,-1.9792347227620668,0.973656594612147,1.62644087457415,0.2996878167367615,-1.1386990107637447,1.7233469003254027,-0.21354187568754085,-0.13895833501181398,1.0584322889561135,2.0429722517608404,-2.0185582865074547,-0.07583201056857783,-1.8489515702764245,-1.0993401841104868,0.8194607918095558,1.053371607547274,0.9874144273032891,1.8238995273181484,0.3777821655137598,-0.848716843803809,-0.24269958083030063,-0.09077393951449579,-0.9499087926622715,-0.11393264120713939,1.938157833690333,-0.8362920663571904,0.8621117390983531,-1.959765042013561,-0.9755758540417605,2.1643729798448064,-0.029524212058388594,0.011264736263188344,0.8831337293292469,-0.10638189080766802,0.21234577711635932,2.0613618375369276,1.0588772631242698,1.0746978571654515,0.19561889990090925,0.8241984942771249,1.9393611452778294,-0.8394368248749596,-0.9005907874661511,2.1120327376162624,0.041553434260608146,0.11459135247331327,-0.8252112575865898,-0.5694925223145919,-0.9319548980672688,-2.0656836208247427,-1.8493345649821846,-1.0584564208149543,-1.9262114774349817,1.0834857727060832,1.0741666008785213,-1.2549649492669948],"rand_idx":[2,2,2,1,3,2,5,5,2,5,3,3,3,4,2,2,2,1,2,5,1,4,5,2,4,4,1,5,1,3,3,1,1,5,1,3,3,2,1,3,2,5,4,3,1,4,5,3,2,5,3,3,4,5,1,3,1,2,4,4,4,5,3,2,3,3,2,3,5,2,4,1,2,5,3,3,4,3,3,5,4,4,3,4,5,2,2,5,3,3,2,2,2,1,1,2,1,4,4,2]}