{"w":[0.20491926691248297,0.19540650183831731,0.19441306583310972,0.22235609598021713,0.18290506943587287],"mu":[-1.9702712015464539,-0.9617604032209393,-0.059763447672823114,0.9989554755362624,1.9160973145611235],"sig":[0.1210968202158536,0.19519163398357342,0.19999046588986136,0.12516621830319719,0.19866663668987997],"y":[-0.9478840731345494,-1.0808607776729966,-0.6022545663731964,-2.004241033100349,-0.05726698076042368,-0.9360321391306256,2.117261535736611,1.880998594893089,-0.951167781292101,2.0815032304800734,0.15777572454479383,-0.17963352870895527,-0.29471932723467137,1.0200091467964891,-1.3455998227075177,-0.9361500397908071,-0.8552555762633105,-1.864930738176545,-1.1045145163998025,1.9103295410488088,-1.8684077841284952,0.9796874860923677,1.9553238202162453,-0.9447364582264038,1.0265266371222375,0.990609966195356,-1.8909781033671433,2.200877058550083,-2.061448180949392,-0.08304374196011657,0.38767316468815366,-1.9996188800080896,-1.9618085996817354,2.061895475024289,-1.9141502465526696,-0.13050842712169436,0.07485920872512643,-1.033463830088073,-1.6593165472005211,0.4168004869391357,-0.8079445012662801,1.922319413507399,1.0497494061079338,-0.25133809519611494,-1.8859726838510693,1.0774899547953734,1.7966375997479795,-0.11863848201711208,-1.1703764106087506,1.6000747443148344,-0.41469760291098734,-0.30553466504729804,1.043948342413424,1.9938704784285,-2.102220083024408,0.27815113297272703,-1.8927526892602713,-1.0812116307736035,1.0687832278736549,1.0457781573230571,1.1308572506127708,2.0314925495600047,-0.3626484957127281,-1.263468137802292,-0.1911240380077312,0.29094314017938805,-1.2140392238603728,-0.16609930348733504,1.785595725846619,-1.2541648048956169,1.054362617240445,-1.8993995469146479,-0.7708174169250971,1.7794595810666862,-0.06915952921579818,0.13955069093601546,1.08552473050339,0.132221160931699,0.2224512628818146,1.8358240152828815,1.0522177975727822,1.2865098069608356,-0.37186556095355483,0.8244421700105729,1.9422055645053318,-0.7060726109423907,-0.9736319901338222,2.0643312843047177,-0.31422180931349597,0.32997587138852735,-1.0715109731439272,-1.0814583350814908,-0.9585174027716139,-1.717877457776909,-1.828215219680349,-0.8867922637361811,-1.9735768332865322,0.801375248652106,0.8887308055614311,-0.6079095449268379,-1.8234954745776601,-0.30221980545010413,1.034359348502227,1.0250319027616592,-1.8854398119152962,1.1747761413937994,2.3236214262010253,1.983670811863959,1.6643314927070145,0.8438687322314591,0.22171304208577858,1.7459221828923885,-1.9939564124207567,0.03099248513094323,-1.3587882130026236,-1.15677650971705,-2.0332578597433195,0.03348137184391603,0.0792863449774938,-0.21825312664757696,1.996198587525523,-1.9530438433103514,1.0476864033777131,1.0636138210603605,0.9264076229282534,1.0706672525816452,1.6695712125902378,-0.9311833646694838,1.649449955771049,-1.9414184508949464,1.8174450291352449,2.1532105753287265,-0.9031581899327855,1.050164379351533,-0.2376889260665282,-0.12497070093389315,-0.4084815797043339,0.9328536003367763,2.1994194574652193,-0.27744597556198036,-0.963657995919172,0.8918845852827372,2.1207441812992074,1.2087276500019184,-0.9914598931389732,-1.9379794955135474,-2.051238720323153,1.8428231626730354,1.856220770306391,1.9293638600640732,-0.16151885564602814,0.9548536979713855,-1.9353119866990154,-1.0087189501192089,0.8740774620456475,-1.032471400128943,-1.8492582315954087,0.8380241358933026,-1.3350693984878153,0.10525992538496214,0.9819089318333355,-1.7523871653628271,-1.1773267827242324,1.9376488643050693,0.10981171147296405,2.0342981385739303,-1.9184527797468063,-1.8361000301943253,-2.163577917983121,-1.9387984918416385,1.0573215713653428,-0.13815123202785964,-2.126356279105719,-1.980093747010422,0.9155616018919317,-2.046660860909351,-0.8357682915161675,0.16738746792644293,-1.8687924926969255,-0.07574760921459453,0.9263485129532527,-0.14751331901171294,0.9358359232710523,1.9163455640921883,0.824979951484499,-1.055877091466694,-0.8868072199181978,-0.9007323245733463,1.8488355519936246,1.9515088016317388,0.9998994201020759,-0.06620755838780677,1.923456687926025,-2.154953815082376,0.8186051794832527,0.9879545477105849,-1.008435891055113,-1.2238375351487933,-1.0531072940825372,-0.3077729128892272,-0.3074468796560349,1.0210721428698877,0.8713032579763735,0.10633746553013261,1.6327933930023877,0.8659755375796623,-1.9921404936312108,-1.113856145146435,-1.945921041489477,0.9493805258709686,-0.7448283562602618,1.8627127506800292,0.39738065195998634,1.9158600231157668,2.089528270748463,0.2046514498895058,2.042189206220862,-1.1493760396749388,1.8246535135073572,2.104361782654484,1.9797916734971264,-0.8644969494535395,-0.3231657722088266,-0.9338191005032337,-2.017363233567692,-1.972273903250289,0.930716921566748,1.015632583036982,-0.06410620090231196,0.26675835110550916,-0.9761511920990968,1.000116432858523,-0.7671757441617698,-0.6822540497469687,1.860741114533504,-0.023136245088547926,0.9904694397039487,0.7970862698075769,0.12475457214816847,2.172514745629723,1.9273889650717089,-0.3519195518815288,-0.2622370164669305,-0.11719130683549175,0.2497238210955171,-0.08287436408296656,0.8683630132034896,1.0366017968647359,-1.641082277458049,-0.9583388094941597,2.127922311144322,-1.1196546167943158,-1.191215652206345,-1.190337098107187,-1.8874996570632068,0.9030048953719164,0.7587668508824109,-1.956099823467835,-2.11928144745203,-1.8479279551860803,-1.8820860737013867,0.3205580716080384,-0.13353728020235162,-0.5176597379235482,1.654532428316734,0.4498764343200868,-0.2884516598025853,0.8280117146940288,-2.0138958677666836,-2.120041258427735,-0.6413026831250155,-0.813172809739716,1.547881987259856,1.1980927562775068,-0.9418131708858908,2.085866794082439,0.8589964366822285,0.9192596207172434,-2.0039222781162613,-1.850624237225262,0.979136951566108,1.0475924436257256,-0.841116385846536,-1.012801654928518,0.33664299600733877,-1.825772898589363,2.1425992319833997,-0.7970793164928685,-1.097542853479992,-1.9491952511026944,1.8859866831146403,2.1014879447817716,-0.5808553008539838,-0.027782094380469607,-1.891471368653271,-1.9840644881138634,-0.957426467064481,-1.7734322319417317,-1.852302614097763,-0.9104572579552292,0.9052985366245254,-1.9277246972937359,0.9992669471682106,-0.19875009957913065,1.7479659342655531,1.8944726666205551,2.1919270038396195,-1.6397439917261747,-0.6435438033131322,0.9529036666676369,-1.2564803524558235,-0.07082068749047701,1.9529894923080777,0.957155773528892,1.684941101221443,1.8024472009490637,1.7208125631670137,-0.7700271268717324,-2.088563770685209,1.917717302998322,1.052356007030624,-0.8878860756518921,1.5793831967896015,0.8045544903142956,-0.7845536791463754,-2.115693507168771,2.2831531349778027,2.0825770280638927,0.024139135878367454,0.11253345872831443,0.9728430717818575,1.7844925451968312,-1.0119917985223772,2.3321180376281077,1.7699117963100375,-1.7146871504643375,0.8560920177438864,0.9722379349789207,-0.24792436477462088,-0.8379855085825618,0.9344242448896473,2.0389329136130834,-1.0850364494033173,0.9602654505920795,-1.7793230037582055,-1.0947888660365237,0.9222273075471981,1.0748061639389601,-0.6814736240716197,1.990833757372351,1.7070993300472421,-1.7273309752266226,0.03042029221901517,-0.9812444517007621,0.8323880802051523,-1.8777705649928418,1.5610016325396887,0.01651032819980626,0.8187694900738914,1.834875207670249,-2.1539684247502233,-0.1639371101877865,-0.8620925742612421,-0.43771762217304655,0.9211952256754289,-1.9334294609183404,-2.0236873808604305,-0.7927615702505968,-2.091658488469863,-0.9012193269572464,-1.1858996300819922,2.0715744208171585,-2.099450870493134,1.030287954231936,-2.131548771535207,-1.9132691103430275,-0.027542297187205626,-1.9227566538671452,-0.9217783408743999,0.7471752679420305,-0.027314089572359014,0.8982940197385652,-1.0311398260450906,-2.0053365302511965,-0.6875981476799924,-0.2509609788911565,1.8290979362973618,-0.23363533077550402,-0.06827633951740814,1.1053291481680774,1.1866411586594305,-2.033050518535512,1.1923463299072248,-1.8864520560887712,