{"w":[0.22007828108056096,0.29191785745725185,0.24980004123477345,0.2382038202274137],"mu":[-1.4702712015464539,-0.4617604032209392,0.4402365523271769,1.4989554755362624],"sig":[0.14886128300795012,0.1210968202158536,0.19519163398357342,0.19999046588986136],"y":[-0.5245397202099976,-0.27465706303356097,-0.3779412577632565,-1.4260900097693667,-0.38432212734746574,-1.509369074953551,1.6092974751911682,1.539636623920078,-0.41204717882503755,1.5219677938272622,0.6603137657526272,-0.441088825234528,-0.34373614384652024,1.5353731989731871,-0.4288450440895375,-1.3735068284916958,-0.3980040798430085,-1.449173450950367,-0.5354498027980283,1.272651296492555,-1.4124865247091523,0.5613762671817704,1.4482548838240563,-0.2588344216461562,0.5592690827566176,0.5039073415089945,-1.6611360867470761,1.8208944362181763,-1.6862373352930025,0.3555565795406983,-0.4461235832265053,-1.5131738129396972,-1.6508802075105915,1.5545106954234615,-1.5657985761715971,0.15938870934192578,-0.5092169387299703,-0.45386703277731755,-1.3193808405113083,0.5116490713873237,-0.5484177036328903,1.7294394050661925,0.4661525237799805,-0.6048006536337821,-1.2755000166775907,0.36750462786792637,1.675290271944631,0.5614179362623435,-0.3592773084275155,1.4440551229775775,-0.5312086102475123,-0.5275555780296871,0.40003719323589165,1.0227013892538184,-1.6120674064608504,0.6478873563187624,-1.4349229161095642,-0.21029763101906307,0.6034691910092997,0.5196386675476938,0.4017147471789428,1.646472922056533,0.5337624515998495,-0.4467573749536563,0.3873453881433679,-0.7799299626781928,-0.5221530194992864,-0.45185113339783134,1.511498841166533,-0.5042371691926164,0.46930270285182896,-1.503270540784814,-0.4458904828905013,1.319866695718757,-0.06710122858011508,0.2984803307488016,1.9313238208424557,0.4736777838302936,0.31981731896078347,1.3966121516351482,0.7447491059252811,0.4808168627309423,0.6467034899305836,0.39729906356733496,1.7651087671781045,-0.44465084521100684,-0.472103577396794,1.5168109742985167,-0.4036474710920228,-0.5513014188394867,-0.53874842954591,-0.4525954797553224,-0.28582403926179933,-1.6500835677383052,-1.500306313609639,-0.4709891898456985,-1.5155550507691478,0.4997796324848755,1.4030886643520033,-0.39431143665481905,-1.7189343786170337,-0.32616879376364183,0.39371724382071005,1.4080853596556568,-1.159362537815763,0.7020389409229858,1.528014128104127,1.677724006591148,1.2363471082607727,0.6353241438474554,-0.43383952385147617,1.664454654205833,-1.290723940258387,-0.43758994826031283,-0.3706381221058819,-0.44110546432489944,-1.354938960883477,-0.6316972318347174,-0.48533993928486513,0.3437452394505515,1.6126720631223594,-1.589327600338258,0.3495614540176164,0.058173602945302216,0.27518348214368604,0.561943399522236,1.3749987859798158,-0.47281828023771494,1.4676568129389962,-1.6467988405236724,1.8033948378211306,1.411195664708928,-0.45971319173762404,1.6216996183609493,0.4710653418249845,0.3967959150636659,-0.45819282784675996,1.6026634729013898,1.4439094891606898,-0.3393559969871714,-0.5210959795524543,0.523873129084689,1.3210238794650802,0.37246760614284824,-0.4703066568078701,-1.2679547936691393,-1.5113907216797695,1.8183424234916812,1.4937773149251408,1.5926413322523245,0.4429902882853047,1.3275851458862558,-1.3565601654045765,-0.27216869607914007,0.611568841034711,-0.6207363257093055,-1.3821203132852176,0.13729189732623454,-0.5175973924592988,0.42206892372246857,0.3819978668744415,-1.7442459517405222,-0.4588003080569989,1.6634300082191174,-0.4500779516145482,1.2955060505193376,-1.3878383855783818,-1.7567736773356526,-1.6086004162526812,-1.3088022853131627,1.3333319261447871,-0.4519028074525563,-1.2841813921316274,-1.5351543431271377,0.22252793435473575,-1.2991904642941638,-0.47534520422537824,-0.3946015869209337,-1.6889412253963954,0.45139035705644687,-0.04135245313318309,0.3718233319773266,0.4796208339730779,1.3540182455718297,1.292735309490988,-1.5168132149390146,-0.41496051236981096,-0.44842767678618667,1.4387491355978033,1.3283307059476526,0.33771776557028066,-0.3460206939071604,1.4208930636654469,-1.5749179868823746,0.5728299930989074,1.2666617402177585,-0.2983212791326624,-0.7705171645480525,-0.5944568498085847,0.3869354130199898,-0.6357918497237303,0.4565189764559942,0.44182130564678684,0.4992336288302619,1.4293684380947587,1.3819307137639103,-1.5956219793870607,-1.510612675922633,-1.5479550282213326,0.7007122647597446,-0.3125981397318862,1.3896887971504372,-0.3575008597035745,1.2064492632761454,1.5855005628229608,0.3406928330384723,1.5973866118159625,-0.6817895327095573,1.4711731230367981,1.5477871869102469,1.4417836967309319,-0.532713389045851,-0.5246218499359772,-0.4459854176152679,-1.4683092202431731,-1.4543178048774301,0.5094984567867736,0.18755029377711357,0.46426540366536834,-0.38326980200846517,-0.7110687218626964,0.7432151087334179,-0.3864858381097007,-0.3522251214554255,1.912519188329004,0.742355792459704,0.3560105936727741,0.4517758592919571,-0.6523324782454094,1.4370078954363077,1.7080739171822545,-0.31079360369391695,0.33493808079553555,0.36920567731686127,-0.8258140263757672,-0.403462426653734,1.5421051091261457,0.2713008684972259,-1.32222560152694,-0.3407994334616617,1.5497020562318229,-0.47052807454921175,-0.521208213299733,-0.5760181139682502,-1.2448487231191832,1.590071126995987,0.4167330679371755,-1.389179375905557,-1.694514769193076,-1.583077727082018,-1.2052145943261992,-0.33828471813265915,-0.3420030459636741,0.47042957867190177,1.5751534044179645,-0.5431404026631277,-0.5377630570786515,0.5757226490994745,-1.452957613411073,-1.7774245671409408,-0.17533033084021005,-0.45682192087381407,1.6689299173050711,1.6767050049602648,-0.37516826104689005,1.360081788874035,0.41331988827922395,1.8658605422101204,-1.5233708803553334,-1.2942155725064217,1.1542576094453056,0.7053727169140742,-0.4285947063782973,-0.3688864281028875,-0.5655735084498205,-1.3955972111409798,1.4658942788242233,-0.6861523707874541,-1.198618946204989,-1.3240867453615184,1.1653951080252816,1.4507229786045213,-0.42922197769791903,-0.4997026874561463,-1.3897510755587796,-1.3815845126074018,-0.6127268229363375,-1.4908287411958572,-1.530015553719772,-0.3304734107643512,0.18130886114903066,-1.3820269724430905,0.5596158094778105,0.27781916292387254,1.5255148518448023,1.3678255353155884,1.4375790005812303,-1.569261681184984,-0.40959210209541674,0.3911041597279432,-0.4811365601919461,-0.5565462576498634,1.795094371012883,1.6310863986976842,1.8151447684856874,1.4265239047677825,1.5241005969994241,-0.30439318730168885,-1.3405900427344322,1.5384432344168035,0.6024691707016364,-0.3559285892764754,1.7485130152909292,0.20499958019427156,-0.5771389345332842,-1.4548414807377528,1.4439749703314884,1.430951195065456,-0.37665248051711775,-0.30490037641784545,0.4252941067499641,1.6126628427273175,-0.47309831448129097,1.6769654303571018,1.2169011132882246,-1.1588567124482476,0.002374063164735929,1.7145767857021184,-0.27029174351696766,-0.4356745181006484,-0.010169437191033526,1.5468434353102343,-0.4280165963332281,0.6865214135554757,-1.6615915686413036,-0.6946560656723937,0.5392902745014365,0.22939616758223794,-0.5630560732375,1.2275913784363723,1.6182316392974576,-1.4217774643138166,0.7428742426144812,-1.5358116940335238,0.2700974495342433,-1.6478431218161984,1.5765199530318634,0.5075603389044117,0.6906626551392225,1.3667059466884477,-1.4610102773833438,0.40298015096397777,-0.453198571760295,-0.5033627509900696,0.5704320752609444,-1.5575538399025204,-1.615284366050043,-0.6173181964390582,-1.8167943625717895,-0.6242805569504701,-0.2861979897089882,1.4148695031871281,-1.3875705516038095,1.6085934890169449,-1.453671123926851,-1.3441064365272195,-0.45764644025225354,-1.3902252068258165,-0.38076240060657246,0.5670002308383787,-0.1553688706498516,0.42798479380669074,-0.4925599216303086,-1.3875732387976867,-1.3411061191265663,-0.2688727059042667,1.7192032357093303,-0.632647605438583,0.03884473831526308,1.3660937590671867,1.8579921977617766,-1.6082400671058799,0.5274118350069981,-1.7636909619102838,0.48812195779256135,