{"w":[0.22007828108056096,0.29191785745725185,0.24980004123477345,0.2382038202274137],"mu":[-1.4702712015464539,-0.4617604032209392,0.4402365523271769,1.4989554755362624],"sig":[0.14886128300795012,0.1210968202158536,0.19519163398357342,0.19999046588986136],"y":[-0.4428457465548251,-0.5603713960230942,-0.6688200059562813,-1.2469885248758992,-0.4773716771230206,-1.5372861651424667,1.189623873866978,1.105625054645015,-0.2891872341589632,1.4192353755440283,0.6091473962553174,-0.6464193484317612,-0.4639928029059746,1.373000519520148,-0.4133895612697318,-1.521870762237458,-0.4458067918818066,-1.278635420755799,-0.3853130390336176,1.2522220092142622,-1.5980811922432498,0.4906479301023514,1.2069715362231774,-0.40005825106353005,0.19704715586339583,0.18030893054098374,-1.6728316612515113,1.6075350503941712,-1.8623708843214435,0.4694960594641826,-0.6626328984458818,-1.8794314114454316,-1.532505075933742,1.2127038813521436,-1.2984763839762012,0.3454654535045716,-0.3678573215795097,-0.3702039851649563,-1.7124282098934858,0.25584205774481084,-0.3820396210795884,1.4091695090290934,0.6715615598388647,-0.2230034386277441,-1.4812898332995148,0.40078397500657725,1.207368889352593,0.7910626745894642,-0.5715330523328257,1.304920655267776,-0.5548752353081368,-0.5097139343626992,0.5329882272833927,1.6266758528632663,-1.5296293036600837,0.42455355947332013,-1.3211360224995008,-0.5471148502927853,0.16032188299434408,0.5250963001591834,0.4222387563322511,1.4061433218100188,0.8672831257736732,-0.39162821921325564,0.2616900271877761,-0.48053765811980187,-0.45440766825068896,-0.49456055227542184,1.5211629964966629,-0.383919891709825,0.22683430307946048,-1.4573562432117522,-0.4703315039905078,1.7488855432944805,0.4697501883084358,0.5095603934396383,1.3138955983734908,0.394736732879424,0.7058164337093955,1.6451879789462294,0.5336821464265953,0.5583537203013342,0.6894909229876774,0.1677101375770042,1.522374326436122,-0.3858708987744034,-0.4238107953891106,1.6961965281559466,-0.40041171751368926,-0.3561863110104858,-0.37704536189440974,-0.21839754959286084,-0.4432690784373141,-1.587559294853458,-1.3216068282827005,-0.5217505781029061,-1.4161096880688984,0.5720581176773933,1.6191277408743683,-0.643664399178052],"rand_idx":[2,2,2,1,2,1,4,4,2,4,3,2,2,4,2,1,2,1,2,4,1,3,4,2,3,3,1,4,1,3,2,1,1,4,1,3,2,2,1,3,2,4,3,2,1,3,4,3,2,4,2,2,3,4,1,3,1,2,3,3,3,4,3,2,3,2,2,2,4,2,3,1,2,4,3,3,4,3,3,4,3,3,3,3,4,2,2,4,2,2,2,2,2,1,1,2,1,3,4,2]}